timestamp,quantization,model_file,workload_tokens,generation_tokens,context_depth,gpu_layers,repetitions,prefill_tps_mean,prefill_tps_std,prefill_latency_ms,decode_tps_mean,decode_tps_std,tpot_ms
2026-09-16T10:23:54,F16,Qwen3-1.7B-f16.gguf,128,128,128,99,5,6013.39,637.25,21.286,71.52,0.13,13.982
2026-09-16T10:23:54,F16,Qwen3-1.7B-f16.gguf,512,128,512,99,5,12277.48,719.1,41.702,70.41,0.04,14.203
2026-09-16T10:23:54,F16,Qwen3-1.7B-f16.gguf,2048,128,2048,99,5,12756.72,102.83,160.543,67.09,0.02,14.905
2026-09-16T10:24:16,Q8_0,Qwen3-1.7B-Q8_0.gguf,128,128,128,99,5,7917.3,963.92,16.167,124.17,0.28,8.053
2026-09-16T10:24:16,Q8_0,Qwen3-1.7B-Q8_0.gguf,512,128,512,99,5,13937.92,285.39,36.734,120.73,0.24,8.283
2026-09-16T10:24:16,Q8_0,Qwen3-1.7B-Q8_0.gguf,2048,128,2048,99,5,13742.64,64.17,149.025,111.62,0.33,8.959
2026-09-16T10:24:32,Q4_K_M,Qwen3-1.7B-Q4_K_M.gguf,128,128,128,99,5,8821.62,1384.61,14.51,188.68,1.58,5.3
2026-09-16T10:24:32,Q4_K_M,Qwen3-1.7B-Q4_K_M.gguf,512,128,512,99,5,13308.85,740.04,38.471,180.55,0.92,5.539
2026-09-16T10:24:32,Q4_K_M,Qwen3-1.7B-Q4_K_M.gguf,2048,128,2048,99,5,13369.17,43.32,153.188,161.27,0.3,6.201
